{
  "": {
    "CreatedBy": "Created By",
    "CreatedAt": "Created On",
    "ChangedBy": "Changed By",
    "ChangedAt": "Changed On",
    "Currency": "Currency",
    "CurrencyCode": "Currency Code",
    "CurrencyCode.Description": "A currency code as specified in ISO 4217",
    "CurrencySymbol": "Currency Symbol",
    "Country": "Country",
    "CountryCode": "Country Code",
    "CountryCode.Description": "A country code as specified in ISO 3166-1",
    "Language": "Language",
    "LanguageCode": "Language Code",
    "LanguageCode.Description": "A language code as specified in ISO 639-1",
    "UserID": "User ID",
    "Name": "Name",
    "Description": "Description",
    "UserID.Description": "A user's unique ID",
    "ID": "ID",
    "Title": "Title",
    "Stock": "Stock Available",
    "AuthorID": "Author ID",
    "AuthorName": "Author Name",
    "Book": "Book",
    "Books": "Books"
  },
  "de": {
    "CreatedBy": "Angelegt von",
    "CreatedAt": "Angelegt am",
    "ChangedBy": "Geändert von",
    "ChangedAt": "Geändert am",
    "Currency": "Währung",
    "CurrencyCode": "Währungscode",
    "CurrencyCode.Description": "Währungscode gemäß ISO 4217",
    "CurrencySymbol": "Währungssymbol",
    "Country": "Land",
    "CountryCode": "Ländercode",
    "CountryCode.Description": "Ländercode gemäß ISO -1",
    "Language": "Sprache",
    "LanguageCode": "Sprachencode",
    "LanguageCode.Description": "Sprachencode gemäß ISO -1",
    "UserID": "Benutzer-ID",
    "Name": "Name",
    "Description": "Beschreibung",
    "UserID.Description": "Die eindeutige ID eines Benutzers",
    "ID": "ID",
    "Title": "Title",
    "Stock": "Stock Available",
    "AuthorID": "Author ID",
    "AuthorName": "Author Name",
    "Book": "Book",
    "Books": "Books"
  },
  "en": {
    "CreatedBy": "Created By",
    "CreatedAt": "Created On",
    "ChangedBy": "Changed By",
    "ChangedAt": "Changed On",
    "Currency": "Currency",
    "CurrencyCode": "Currency Code",
    "CurrencyCode.Description": "A currency code as specified in ISO 4217",
    "CurrencySymbol": "Currency Symbol",
    "Country": "Country",
    "CountryCode": "Country Code",
    "CountryCode.Description": "A country code as specified in ISO 3166-1",
    "Language": "Language",
    "LanguageCode": "Language Code",
    "LanguageCode.Description": "A language code as specified in ISO 639-1",
    "UserID": "User ID",
    "Name": "Name",
    "Description": "Description",
    "UserID.Description": "A user's unique ID",
    "ID": "ID",
    "Title": "Title",
    "Stock": "Stock Available",
    "AuthorID": "Author ID",
    "AuthorName": "Author Name",
    "Book": "Book",
    "Books": "Books"
  }
}